Supplier_ID,Feedback,Audit_Report
52,Supplier met all requirements but communication could be improved.,All processes are compliant with industry standards. No major issues found.
93,Outstanding performance in all aspects. Highly recommended.,Audit revealed several non-conformances in the quality management system.
15,Quality of parts was satisfactory but delivery was inconsistent.,Audit revealed several non-conformances in the quality management system.
72,The supplier delivered on time and the quality was excellent.,"Several areas of non-compliance were identified, requiring immediate action."
61,Outstanding performance in all aspects. Highly recommended.,"Several areas of non-compliance were identified, requiring immediate action."
21,Quality of parts was satisfactory but delivery was inconsistent.,Minor issues were noted in the documentation process but overall compliance is good.
83,Parts were delivered ahead of schedule but some items were damaged.,Supplier has a robust quality control system in place. No issues found.
87,Outstanding performance in all aspects. Highly recommended.,Audit revealed several non-conformances in the quality management system.
75,Supplier failed to meet the quality standards and delivery was late.,All processes are compliant with industry standards. No major issues found.
75,The supplier delivered on time and the quality was excellent.,Significant improvements needed in the supply chain management process.
88,Quality of parts was satisfactory but delivery was inconsistent.,Audit revealed several non-conformances in the quality management system.
24,Quality of parts was satisfactory but delivery was inconsistent.,Audit revealed several non-conformances in the quality management system.
3,Quality of parts was satisfactory but delivery was inconsistent.,Minor issues were noted in the documentation process but overall compliance is good.
22,Parts were delivered ahead of schedule but some items were damaged.,Supplier has a robust quality control system in place. No issues found.
53,Outstanding performance in all aspects. Highly recommended.,Significant improvements needed in the supply chain management process.
2,Parts were delivered ahead of schedule but some items were damaged.,"Several areas of non-compliance were identified, requiring immediate action."
88,Delivery was delayed and the quality of parts was below expectations.,"Several areas of non-compliance were identified, requiring immediate action."
30,Delivery was delayed and the quality of parts was below expectations.,All processes are compliant with industry standards. No major issues found.
38,Outstanding performance in all aspects. Highly recommended.,Significant improvements needed in the supply chain management process.
2,Supplier failed to meet the quality standards and delivery was late.,"Several areas of non-compliance were identified, requiring immediate action."
64,Parts were delivered ahead of schedule but some items were damaged.,All processes are compliant with industry standards. No major issues found.
60,The supplier delivered on time and the quality was excellent.,Supplier has a robust quality control system in place. No issues found.
21,Quality of parts was satisfactory but delivery was inconsistent.,All processes are compliant with industry standards. No major issues found.
33,Quality of parts was satisfactory but delivery was inconsistent.,"Several areas of non-compliance were identified, requiring immediate action."
76,Outstanding performance in all aspects. Highly recommended.,Minor issues were noted in the documentation process but overall compliance is good.
58,Supplier failed to meet the quality standards and delivery was late.,Minor issues were noted in the documentation process but overall compliance is good.
22,Delivery was delayed and the quality of parts was below expectations.,Minor issues were noted in the documentation process but overall compliance is good.
89,Delivery was delayed and the quality of parts was below expectations.,"Several areas of non-compliance were identified, requiring immediate action."
49,Quality of parts was satisfactory but delivery was inconsistent.,Minor issues were noted in the documentation process but overall compliance is good.
91,Outstanding performance in all aspects. Highly recommended.,Significant improvements needed in the supply chain management process.
59,Parts were delivered ahead of schedule but some items were damaged.,Supplier has a robust quality control system in place. No issues found.
42,Delivery was delayed and the quality of parts was below expectations.,All processes are compliant with industry standards. No major issues found.
92,Parts were delivered ahead of schedule but some items were damaged.,All processes are compliant with industry standards. No major issues found.
60,Supplier failed to meet the quality standards and delivery was late.,"Several areas of non-compliance were identified, requiring immediate action."
80,Delivery was delayed and the quality of parts was below expectations.,Minor issues were noted in the documentation process but overall compliance is good.
15,Delivery was delayed and the quality of parts was below expectations.,Minor issues were noted in the documentation process but overall compliance is good.
62,Supplier met all requirements but communication could be improved.,Audit revealed several non-conformances in the quality management system.
62,Delivery was delayed and the quality of parts was below expectations.,Supplier has a robust quality control system in place. No issues found.
47,The supplier delivered on time and the quality was excellent.,Significant improvements needed in the supply chain management process.
62,Outstanding performance in all aspects. Highly recommended.,All processes are compliant with industry standards. No major issues found.
51,Outstanding performance in all aspects. Highly recommended.,Audit revealed several non-conformances in the quality management system.
55,Parts were delivered ahead of schedule but some items were damaged.,Audit revealed several non-conformances in the quality management system.
64,Supplier failed to meet the quality standards and delivery was late.,"Several areas of non-compliance were identified, requiring immediate action."
3,Delivery was delayed and the quality of parts was below expectations.,All processes are compliant with industry standards. No major issues found.
51,The supplier delivered on time and the quality was excellent.,"Several areas of non-compliance were identified, requiring immediate action."
7,Parts were delivered ahead of schedule but some items were damaged.,Significant improvements needed in the supply chain management process.
21,Supplier met all requirements but communication could be improved.,Audit revealed several non-conformances in the quality management system.
73,Parts were delivered ahead of schedule but some items were damaged.,Audit revealed several non-conformances in the quality management system.
39,Parts were delivered ahead of schedule but some items were damaged.,Supplier has a robust quality control system in place. No issues found.
18,Delivery was delayed and the quality of parts was below expectations.,Significant improvements needed in the supply chain management process.
4,Supplier met all requirements but communication could be improved.,Audit revealed several non-conformances in the quality management system.
89,Parts were delivered ahead of schedule but some items were damaged.,Significant improvements needed in the supply chain management process.
60,The supplier delivered on time and the quality was excellent.,All processes are compliant with industry standards. No major issues found.
14,The supplier delivered on time and the quality was excellent.,Minor issues were noted in the documentation process but overall compliance is good.
9,Outstanding performance in all aspects. Highly recommended.,Audit revealed several non-conformances in the quality management system.
90,Supplier met all requirements but communication could be improved.,Supplier has a robust quality control system in place. No issues found.
53,Supplier met all requirements but communication could be improved.,All processes are compliant with industry standards. No major issues found.
2,Outstanding performance in all aspects. Highly recommended.,Significant improvements needed in the supply chain management process.
84,Parts were delivered ahead of schedule but some items were damaged.,"Several areas of non-compliance were identified, requiring immediate action."
92,Supplier met all requirements but communication could be improved.,All processes are compliant with industry standards. No major issues found.
60,The supplier delivered on time and the quality was excellent.,Audit revealed several non-conformances in the quality management system.
71,The supplier delivered on time and the quality was excellent.,Significant improvements needed in the supply chain management process.
44,Delivery was delayed and the quality of parts was below expectations.,Minor issues were noted in the documentation process but overall compliance is good.
8,Supplier met all requirements but communication could be improved.,All processes are compliant with industry standards. No major issues found.
47,Parts were delivered ahead of schedule but some items were damaged.,Audit revealed several non-conformances in the quality management system.
35,Outstanding performance in all aspects. Highly recommended.,Supplier has a robust quality control system in place. No issues found.
78,Outstanding performance in all aspects. Highly recommended.,"Several areas of non-compliance were identified, requiring immediate action."
81,Parts were delivered ahead of schedule but some items were damaged.,Significant improvements needed in the supply chain management process.
36,Supplier failed to meet the quality standards and delivery was late.,All processes are compliant with industry standards. No major issues found.
50,Quality of parts was satisfactory but delivery was inconsistent.,All processes are compliant with industry standards. No major issues found.
4,Delivery was delayed and the quality of parts was below expectations.,Minor issues were noted in the documentation process but overall compliance is good.
2,Outstanding performance in all aspects. Highly recommended.,Minor issues were noted in the documentation process but overall compliance is good.
6,Supplier met all requirements but communication could be improved.,Supplier has a robust quality control system in place. No issues found.
54,Delivery was delayed and the quality of parts was below expectations.,"Several areas of non-compliance were identified, requiring immediate action."
4,Supplier met all requirements but communication could be improved.,Supplier has a robust quality control system in place. No issues found.
54,Supplier failed to meet the quality standards and delivery was late.,Audit revealed several non-conformances in the quality management system.
93,The supplier delivered on time and the quality was excellent.,Audit revealed several non-conformances in the quality management system.
63,Delivery was delayed and the quality of parts was below expectations.,Supplier has a robust quality control system in place. No issues found.
18,Outstanding performance in all aspects. Highly recommended.,"Several areas of non-compliance were identified, requiring immediate action."
90,Delivery was delayed and the quality of parts was below expectations.,Supplier has a robust quality control system in place. No issues found.
44,Delivery was delayed and the quality of parts was below expectations.,"Several areas of non-compliance were identified, requiring immediate action."
34,Delivery was delayed and the quality of parts was below expectations.,"Several areas of non-compliance were identified, requiring immediate action."
74,Quality of parts was satisfactory but delivery was inconsistent.,Significant improvements needed in the supply chain management process.
62,Delivery was delayed and the quality of parts was below expectations.,"Several areas of non-compliance were identified, requiring immediate action."
14,Supplier met all requirements but communication could be improved.,Minor issues were noted in the documentation process but overall compliance is good.
95,The supplier delivered on time and the quality was excellent.,"Several areas of non-compliance were identified, requiring immediate action."
48,Supplier failed to meet the quality standards and delivery was late.,"Several areas of non-compliance were identified, requiring immediate action."
15,Parts were delivered ahead of schedule but some items were damaged.,"Several areas of non-compliance were identified, requiring immediate action."
72,Delivery was delayed and the quality of parts was below expectations.,Audit revealed several non-conformances in the quality management system.
78,Outstanding performance in all aspects. Highly recommended.,Minor issues were noted in the documentation process but overall compliance is good.
87,Delivery was delayed and the quality of parts was below expectations.,Minor issues were noted in the documentation process but overall compliance is good.
62,Outstanding performance in all aspects. Highly recommended.,Supplier has a robust quality control system in place. No issues found.
40,Supplier met all requirements but communication could be improved.,Significant improvements needed in the supply chain management process.
85,Outstanding performance in all aspects. Highly recommended.,"Several areas of non-compliance were identified, requiring immediate action."
80,Parts were delivered ahead of schedule but some items were damaged.,All processes are compliant with industry standards. No major issues found.
82,The supplier delivered on time and the quality was excellent.,Significant improvements needed in the supply chain management process.
53,Outstanding performance in all aspects. Highly recommended.,Significant improvements needed in the supply chain management process.
24,Outstanding performance in all aspects. Highly recommended.,Minor issues were noted in the documentation process but overall compliance is good.
26,The supplier delivered on time and the quality was excellent.,Significant improvements needed in the supply chain management process.
89,Parts were delivered ahead of schedule but some items were damaged.,"Several areas of non-compliance were identified, requiring immediate action."
60,Delivery was delayed and the quality of parts was below expectations.,"Several areas of non-compliance were identified, requiring immediate action."
41,Outstanding performance in all aspects. Highly recommended.,Audit revealed several non-conformances in the quality management system.
29,The supplier delivered on time and the quality was excellent.,"Several areas of non-compliance were identified, requiring immediate action."
15,Supplier met all requirements but communication could be improved.,"Several areas of non-compliance were identified, requiring immediate action."
45,The supplier delivered on time and the quality was excellent.,Minor issues were noted in the documentation process but overall compliance is good.
65,Supplier met all requirements but communication could be improved.,"Several areas of non-compliance were identified, requiring immediate action."
89,Parts were delivered ahead of schedule but some items were damaged.,Audit revealed several non-conformances in the quality management system.
71,Delivery was delayed and the quality of parts was below expectations.,All processes are compliant with industry standards. No major issues found.
9,The supplier delivered on time and the quality was excellent.,Minor issues were noted in the documentation process but overall compliance is good.
88,Supplier failed to meet the quality standards and delivery was late.,All processes are compliant with industry standards. No major issues found.
1,Supplier failed to meet the quality standards and delivery was late.,Minor issues were noted in the documentation process but overall compliance is good.
8,Quality of parts was satisfactory but delivery was inconsistent.,Supplier has a robust quality control system in place. No issues found.
88,Outstanding performance in all aspects. Highly recommended.,Significant improvements needed in the supply chain management process.
63,Parts were delivered ahead of schedule but some items were damaged.,Supplier has a robust quality control system in place. No issues found.
11,The supplier delivered on time and the quality was excellent.,"Several areas of non-compliance were identified, requiring immediate action."
81,Supplier failed to meet the quality standards and delivery was late.,All processes are compliant with industry standards. No major issues found.
8,Outstanding performance in all aspects. Highly recommended.,"Several areas of non-compliance were identified, requiring immediate action."
35,Supplier failed to meet the quality standards and delivery was late.,Significant improvements needed in the supply chain management process.
35,The supplier delivered on time and the quality was excellent.,Minor issues were noted in the documentation process but overall compliance is good.
33,Supplier met all requirements but communication could be improved.,Significant improvements needed in the supply chain management process.
5,The supplier delivered on time and the quality was excellent.,Audit revealed several non-conformances in the quality management system.
41,Quality of parts was satisfactory but delivery was inconsistent.,Significant improvements needed in the supply chain management process.
28,The supplier delivered on time and the quality was excellent.,Audit revealed several non-conformances in the quality management system.
7,The supplier delivered on time and the quality was excellent.,Significant improvements needed in the supply chain management process.
73,Quality of parts was satisfactory but delivery was inconsistent.,Audit revealed several non-conformances in the quality management system.
72,Parts were delivered ahead of schedule but some items were damaged.,All processes are compliant with industry standards. No major issues found.
12,The supplier delivered on time and the quality was excellent.,"Several areas of non-compliance were identified, requiring immediate action."
34,Quality of parts was satisfactory but delivery was inconsistent.,"Several areas of non-compliance were identified, requiring immediate action."
33,Outstanding performance in all aspects. Highly recommended.,Supplier has a robust quality control system in place. No issues found.
48,Supplier met all requirements but communication could be improved.,"Several areas of non-compliance were identified, requiring immediate action."
23,Supplier met all requirements but communication could be improved.,Minor issues were noted in the documentation process but overall compliance is good.
62,The supplier delivered on time and the quality was excellent.,Significant improvements needed in the supply chain management process.
88,Parts were delivered ahead of schedule but some items were damaged.,Supplier has a robust quality control system in place. No issues found.
37,Parts were delivered ahead of schedule but some items were damaged.,Minor issues were noted in the documentation process but overall compliance is good.
99,Outstanding performance in all aspects. Highly recommended.,Minor issues were noted in the documentation process but overall compliance is good.
44,The supplier delivered on time and the quality was excellent.,Audit revealed several non-conformances in the quality management system.
86,Supplier met all requirements but communication could be improved.,"Several areas of non-compliance were identified, requiring immediate action."
91,Parts were delivered ahead of schedule but some items were damaged.,All processes are compliant with industry standards. No major issues found.
35,The supplier delivered on time and the quality was excellent.,All processes are compliant with industry standards. No major issues found.
65,Supplier failed to meet the quality standards and delivery was late.,Supplier has a robust quality control system in place. No issues found.
99,Parts were delivered ahead of schedule but some items were damaged.,All processes are compliant with industry standards. No major issues found.
47,Quality of parts was satisfactory but delivery was inconsistent.,Significant improvements needed in the supply chain management process.
78,Supplier failed to meet the quality standards and delivery was late.,All processes are compliant with industry standards. No major issues found.
3,Parts were delivered ahead of schedule but some items were damaged.,Supplier has a robust quality control system in place. No issues found.
1,Supplier met all requirements but communication could be improved.,All processes are compliant with industry standards. No major issues found.
5,Delivery was delayed and the quality of parts was below expectations.,Significant improvements needed in the supply chain management process.
90,Supplier failed to meet the quality standards and delivery was late.,Audit revealed several non-conformances in the quality management system.
14,Outstanding performance in all aspects. Highly recommended.,Supplier has a robust quality control system in place. No issues found.
27,Outstanding performance in all aspects. Highly recommended.,Audit revealed several non-conformances in the quality management system.
9,Supplier met all requirements but communication could be improved.,Audit revealed several non-conformances in the quality management system.
79,Parts were delivered ahead of schedule but some items were damaged.,Audit revealed several non-conformances in the quality management system.
15,The supplier delivered on time and the quality was excellent.,Minor issues were noted in the documentation process but overall compliance is good.
90,Parts were delivered ahead of schedule but some items were damaged.,"Several areas of non-compliance were identified, requiring immediate action."
42,Supplier met all requirements but communication could be improved.,Minor issues were noted in the documentation process but overall compliance is good.
77,Outstanding performance in all aspects. Highly recommended.,"Several areas of non-compliance were identified, requiring immediate action."
51,Parts were delivered ahead of schedule but some items were damaged.,Audit revealed several non-conformances in the quality management system.
63,Outstanding performance in all aspects. Highly recommended.,Supplier has a robust quality control system in place. No issues found.
96,Supplier failed to meet the quality standards and delivery was late.,"Several areas of non-compliance were identified, requiring immediate action."
52,The supplier delivered on time and the quality was excellent.,Significant improvements needed in the supply chain management process.
96,Supplier failed to meet the quality standards and delivery was late.,Significant improvements needed in the supply chain management process.
4,Outstanding performance in all aspects. Highly recommended.,All processes are compliant with industry standards. No major issues found.
94,Outstanding performance in all aspects. Highly recommended.,"Several areas of non-compliance were identified, requiring immediate action."
23,Delivery was delayed and the quality of parts was below expectations.,Supplier has a robust quality control system in place. No issues found.
15,Delivery was delayed and the quality of parts was below expectations.,Minor issues were noted in the documentation process but overall compliance is good.
43,Supplier failed to meet the quality standards and delivery was late.,Audit revealed several non-conformances in the quality management system.
29,Quality of parts was satisfactory but delivery was inconsistent.,All processes are compliant with industry standards. No major issues found.
36,Supplier failed to meet the quality standards and delivery was late.,Significant improvements needed in the supply chain management process.
13,Delivery was delayed and the quality of parts was below expectations.,Minor issues were noted in the documentation process but overall compliance is good.
32,Outstanding performance in all aspects. Highly recommended.,Minor issues were noted in the documentation process but overall compliance is good.
71,Supplier met all requirements but communication could be improved.,Audit revealed several non-conformances in the quality management system.
59,Supplier failed to meet the quality standards and delivery was late.,"Several areas of non-compliance were identified, requiring immediate action."
86,Outstanding performance in all aspects. Highly recommended.,Significant improvements needed in the supply chain management process.
28,Supplier met all requirements but communication could be improved.,Supplier has a robust quality control system in place. No issues found.
66,Supplier met all requirements but communication could be improved.,Minor issues were noted in the documentation process but overall compliance is good.
42,Delivery was delayed and the quality of parts was below expectations.,Audit revealed several non-conformances in the quality management system.
45,Supplier failed to meet the quality standards and delivery was late.,Supplier has a robust quality control system in place. No issues found.
62,Parts were delivered ahead of schedule but some items were damaged.,"Several areas of non-compliance were identified, requiring immediate action."
57,The supplier delivered on time and the quality was excellent.,Significant improvements needed in the supply chain management process.
6,Delivery was delayed and the quality of parts was below expectations.,"Several areas of non-compliance were identified, requiring immediate action."
28,Delivery was delayed and the quality of parts was below expectations.,Minor issues were noted in the documentation process but overall compliance is good.
28,Parts were delivered ahead of schedule but some items were damaged.,Supplier has a robust quality control system in place. No issues found.
44,The supplier delivered on time and the quality was excellent.,Supplier has a robust quality control system in place. No issues found.
84,Outstanding performance in all aspects. Highly recommended.,Supplier has a robust quality control system in place. No issues found.
30,Quality of parts was satisfactory but delivery was inconsistent.,Minor issues were noted in the documentation process but overall compliance is good.
62,Supplier failed to meet the quality standards and delivery was late.,Minor issues were noted in the documentation process but overall compliance is good.
75,Quality of parts was satisfactory but delivery was inconsistent.,"Several areas of non-compliance were identified, requiring immediate action."
92,Outstanding performance in all aspects. Highly recommended.,All processes are compliant with industry standards. No major issues found.
89,Delivery was delayed and the quality of parts was below expectations.,"Several areas of non-compliance were identified, requiring immediate action."
62,The supplier delivered on time and the quality was excellent.,Significant improvements needed in the supply chain management process.
97,Delivery was delayed and the quality of parts was below expectations.,Audit revealed several non-conformances in the quality management system.
1,Supplier met all requirements but communication could be improved.,Supplier has a robust quality control system in place. No issues found.
27,Delivery was delayed and the quality of parts was below expectations.,All processes are compliant with industry standards. No major issues found.
62,Delivery was delayed and the quality of parts was below expectations.,Audit revealed several non-conformances in the quality management system.
77,Outstanding performance in all aspects. Highly recommended.,All processes are compliant with industry standards. No major issues found.
3,Outstanding performance in all aspects. Highly recommended.,"Several areas of non-compliance were identified, requiring immediate action."
70,Outstanding performance in all aspects. Highly recommended.,Minor issues were noted in the documentation process but overall compliance is good.
72,Quality of parts was satisfactory but delivery was inconsistent.,Supplier has a robust quality control system in place. No issues found.
27,Supplier met all requirements but communication could be improved.,"Several areas of non-compliance were identified, requiring immediate action."
9,Outstanding performance in all aspects. Highly recommended.,Audit revealed several non-conformances in the quality management system.
62,The supplier delivered on time and the quality was excellent.,Audit revealed several non-conformances in the quality management system.
37,Quality of parts was satisfactory but delivery was inconsistent.,Audit revealed several non-conformances in the quality management system.
97,Parts were delivered ahead of schedule but some items were damaged.,Audit revealed several non-conformances in the quality management system.
51,The supplier delivered on time and the quality was excellent.,Audit revealed several non-conformances in the quality management system.
44,Supplier failed to meet the quality standards and delivery was late.,All processes are compliant with industry standards. No major issues found.
24,Supplier failed to meet the quality standards and delivery was late.,"Several areas of non-compliance were identified, requiring immediate action."
79,The supplier delivered on time and the quality was excellent.,Supplier has a robust quality control system in place. No issues found.
59,Outstanding performance in all aspects. Highly recommended.,Minor issues were noted in the documentation process but overall compliance is good.
32,Parts were delivered ahead of schedule but some items were damaged.,Minor issues were noted in the documentation process but overall compliance is good.
96,Parts were delivered ahead of schedule but some items were damaged.,"Several areas of non-compliance were identified, requiring immediate action."
88,Quality of parts was satisfactory but delivery was inconsistent.,"Several areas of non-compliance were identified, requiring immediate action."
52,Parts were delivered ahead of schedule but some items were damaged.,Minor issues were noted in the documentation process but overall compliance is good.
62,Supplier failed to meet the quality standards and delivery was late.,Minor issues were noted in the documentation process but overall compliance is good.
58,Supplier met all requirements but communication could be improved.,All processes are compliant with industry standards. No major issues found.
52,Outstanding performance in all aspects. Highly recommended.,Significant improvements needed in the supply chain management process.
12,Parts were delivered ahead of schedule but some items were damaged.,Supplier has a robust quality control system in place. No issues found.
39,Quality of parts was satisfactory but delivery was inconsistent.,Audit revealed several non-conformances in the quality management system.
2,Supplier failed to meet the quality standards and delivery was late.,Significant improvements needed in the supply chain management process.
3,Supplier met all requirements but communication could be improved.,"Several areas of non-compliance were identified, requiring immediate action."
56,Delivery was delayed and the quality of parts was below expectations.,Minor issues were noted in the documentation process but overall compliance is good.
81,Delivery was delayed and the quality of parts was below expectations.,Significant improvements needed in the supply chain management process.
59,Supplier met all requirements but communication could be improved.,Supplier has a robust quality control system in place. No issues found.
2,Supplier failed to meet the quality standards and delivery was late.,"Several areas of non-compliance were identified, requiring immediate action."
2,Quality of parts was satisfactory but delivery was inconsistent.,Audit revealed several non-conformances in the quality management system.
92,Supplier met all requirements but communication could be improved.,Audit revealed several non-conformances in the quality management system.
54,Outstanding performance in all aspects. Highly recommended.,Supplier has a robust quality control system in place. No issues found.
87,Outstanding performance in all aspects. Highly recommended.,Supplier has a robust quality control system in place. No issues found.
96,Delivery was delayed and the quality of parts was below expectations.,Minor issues were noted in the documentation process but overall compliance is good.
97,Parts were delivered ahead of schedule but some items were damaged.,Audit revealed several non-conformances in the quality management system.
1,Quality of parts was satisfactory but delivery was inconsistent.,"Several areas of non-compliance were identified, requiring immediate action."
19,Delivery was delayed and the quality of parts was below expectations.,Significant improvements needed in the supply chain management process.
2,Parts were delivered ahead of schedule but some items were damaged.,"Several areas of non-compliance were identified, requiring immediate action."
53,Parts were delivered ahead of schedule but some items were damaged.,All processes are compliant with industry standards. No major issues found.
44,Outstanding performance in all aspects. Highly recommended.,All processes are compliant with industry standards. No major issues found.
90,Supplier failed to meet the quality standards and delivery was late.,Supplier has a robust quality control system in place. No issues found.
32,The supplier delivered on time and the quality was excellent.,Minor issues were noted in the documentation process but overall compliance is good.
70,Supplier failed to meet the quality standards and delivery was late.,All processes are compliant with industry standards. No major issues found.
32,The supplier delivered on time and the quality was excellent.,Audit revealed several non-conformances in the quality management system.
68,Supplier met all requirements but communication could be improved.,"Several areas of non-compliance were identified, requiring immediate action."
55,Outstanding performance in all aspects. Highly recommended.,"Several areas of non-compliance were identified, requiring immediate action."
75,Parts were delivered ahead of schedule but some items were damaged.,Supplier has a robust quality control system in place. No issues found.
56,Quality of parts was satisfactory but delivery was inconsistent.,Significant improvements needed in the supply chain management process.
17,The supplier delivered on time and the quality was excellent.,Supplier has a robust quality control system in place. No issues found.
38,Supplier failed to meet the quality standards and delivery was late.,Significant improvements needed in the supply chain management process.
24,Parts were delivered ahead of schedule but some items were damaged.,Supplier has a robust quality control system in place. No issues found.
69,The supplier delivered on time and the quality was excellent.,Supplier has a robust quality control system in place. No issues found.
98,The supplier delivered on time and the quality was excellent.,Supplier has a robust quality control system in place. No issues found.
70,The supplier delivered on time and the quality was excellent.,Significant improvements needed in the supply chain management process.
86,Quality of parts was satisfactory but delivery was inconsistent.,Significant improvements needed in the supply chain management process.
11,Outstanding performance in all aspects. Highly recommended.,Supplier has a robust quality control system in place. No issues found.
16,Quality of parts was satisfactory but delivery was inconsistent.,All processes are compliant with industry standards. No major issues found.
97,Delivery was delayed and the quality of parts was below expectations.,Minor issues were noted in the documentation process but overall compliance is good.
73,Parts were delivered ahead of schedule but some items were damaged.,Minor issues were noted in the documentation process but overall compliance is good.
59,Outstanding performance in all aspects. Highly recommended.,Minor issues were noted in the documentation process but overall compliance is good.
70,Outstanding performance in all aspects. Highly recommended.,Significant improvements needed in the supply chain management process.
80,Outstanding performance in all aspects. Highly recommended.,Significant improvements needed in the supply chain management process.
93,Supplier failed to meet the quality standards and delivery was late.,All processes are compliant with industry standards. No major issues found.
3,Outstanding performance in all aspects. Highly recommended.,Minor issues were noted in the documentation process but overall compliance is good.
20,Quality of parts was satisfactory but delivery was inconsistent.,Minor issues were noted in the documentation process but overall compliance is good.
59,Outstanding performance in all aspects. Highly recommended.,Supplier has a robust quality control system in place. No issues found.
36,Supplier met all requirements but communication could be improved.,Significant improvements needed in the supply chain management process.
19,Parts were delivered ahead of schedule but some items were damaged.,Minor issues were noted in the documentation process but overall compliance is good.
90,Outstanding performance in all aspects. Highly recommended.,"Several areas of non-compliance were identified, requiring immediate action."
67,Parts were delivered ahead of schedule but some items were damaged.,All processes are compliant with industry standards. No major issues found.
19,Supplier met all requirements but communication could be improved.,"Several areas of non-compliance were identified, requiring immediate action."
20,Supplier met all requirements but communication could be improved.,"Several areas of non-compliance were identified, requiring immediate action."
96,Parts were delivered ahead of schedule but some items were damaged.,All processes are compliant with industry standards. No major issues found.
71,The supplier delivered on time and the quality was excellent.,"Several areas of non-compliance were identified, requiring immediate action."
52,Delivery was delayed and the quality of parts was below expectations.,Minor issues were noted in the documentation process but overall compliance is good.
33,Supplier failed to meet the quality standards and delivery was late.,Significant improvements needed in the supply chain management process.
40,The supplier delivered on time and the quality was excellent.,All processes are compliant with industry standards. No major issues found.
39,The supplier delivered on time and the quality was excellent.,Supplier has a robust quality control system in place. No issues found.
82,Quality of parts was satisfactory but delivery was inconsistent.,"Several areas of non-compliance were identified, requiring immediate action."
1,Supplier failed to meet the quality standards and delivery was late.,All processes are compliant with industry standards. No major issues found.
11,Supplier failed to meet the quality standards and delivery was late.,Audit revealed several non-conformances in the quality management system.
92,The supplier delivered on time and the quality was excellent.,Audit revealed several non-conformances in the quality management system.
57,Outstanding performance in all aspects. Highly recommended.,Significant improvements needed in the supply chain management process.
89,Quality of parts was satisfactory but delivery was inconsistent.,Minor issues were noted in the documentation process but overall compliance is good.
50,Quality of parts was satisfactory but delivery was inconsistent.,Significant improvements needed in the supply chain management process.
23,Supplier met all requirements but communication could be improved.,Significant improvements needed in the supply chain management process.
31,Supplier failed to meet the quality standards and delivery was late.,Significant improvements needed in the supply chain management process.
94,The supplier delivered on time and the quality was excellent.,Significant improvements needed in the supply chain management process.
42,Supplier met all requirements but communication could be improved.,Supplier has a robust quality control system in place. No issues found.
99,Parts were delivered ahead of schedule but some items were damaged.,Supplier has a robust quality control system in place. No issues found.
7,Delivery was delayed and the quality of parts was below expectations.,All processes are compliant with industry standards. No major issues found.
16,Quality of parts was satisfactory but delivery was inconsistent.,Audit revealed several non-conformances in the quality management system.
90,Parts were delivered ahead of schedule but some items were damaged.,Significant improvements needed in the supply chain management process.
60,Parts were delivered ahead of schedule but some items were damaged.,All processes are compliant with industry standards. No major issues found.
2,Outstanding performance in all aspects. Highly recommended.,Audit revealed several non-conformances in the quality management system.
1,Delivery was delayed and the quality of parts was below expectations.,"Several areas of non-compliance were identified, requiring immediate action."
48,Parts were delivered ahead of schedule but some items were damaged.,Minor issues were noted in the documentation process but overall compliance is good.
12,Parts were delivered ahead of schedule but some items were damaged.,Supplier has a robust quality control system in place. No issues found.
69,Delivery was delayed and the quality of parts was below expectations.,"Several areas of non-compliance were identified, requiring immediate action."
37,Delivery was delayed and the quality of parts was below expectations.,Audit revealed several non-conformances in the quality management system.
32,Parts were delivered ahead of schedule but some items were damaged.,"Several areas of non-compliance were identified, requiring immediate action."
9,Delivery was delayed and the quality of parts was below expectations.,Minor issues were noted in the documentation process but overall compliance is good.
99,Parts were delivered ahead of schedule but some items were damaged.,Audit revealed several non-conformances in the quality management system.
19,Parts were delivered ahead of schedule but some items were damaged.,"Several areas of non-compliance were identified, requiring immediate action."
48,Outstanding performance in all aspects. Highly recommended.,Supplier has a robust quality control system in place. No issues found.
80,The supplier delivered on time and the quality was excellent.,Supplier has a robust quality control system in place. No issues found.
3,Parts were delivered ahead of schedule but some items were damaged.,All processes are compliant with industry standards. No major issues found.
20,Supplier met all requirements but communication could be improved.,"Several areas of non-compliance were identified, requiring immediate action."
24,Quality of parts was satisfactory but delivery was inconsistent.,Significant improvements needed in the supply chain management process.
54,Supplier failed to meet the quality standards and delivery was late.,"Several areas of non-compliance were identified, requiring immediate action."
33,The supplier delivered on time and the quality was excellent.,Audit revealed several non-conformances in the quality management system.
24,The supplier delivered on time and the quality was excellent.,Audit revealed several non-conformances in the quality management system.
75,The supplier delivered on time and the quality was excellent.,"Several areas of non-compliance were identified, requiring immediate action."
72,Outstanding performance in all aspects. Highly recommended.,Minor issues were noted in the documentation process but overall compliance is good.
36,Parts were delivered ahead of schedule but some items were damaged.,Supplier has a robust quality control system in place. No issues found.
38,Outstanding performance in all aspects. Highly recommended.,Audit revealed several non-conformances in the quality management system.
84,Parts were delivered ahead of schedule but some items were damaged.,Supplier has a robust quality control system in place. No issues found.
99,Outstanding performance in all aspects. Highly recommended.,Audit revealed several non-conformances in the quality management system.
89,Outstanding performance in all aspects. Highly recommended.,All processes are compliant with industry standards. No major issues found.
99,Quality of parts was satisfactory but delivery was inconsistent.,Significant improvements needed in the supply chain management process.
25,Supplier met all requirements but communication could be improved.,Audit revealed several non-conformances in the quality management system.
93,Outstanding performance in all aspects. Highly recommended.,Supplier has a robust quality control system in place. No issues found.
18,Quality of parts was satisfactory but delivery was inconsistent.,All processes are compliant with industry standards. No major issues found.
82,Delivery was delayed and the quality of parts was below expectations.,Audit revealed several non-conformances in the quality management system.
66,Supplier met all requirements but communication could be improved.,Minor issues were noted in the documentation process but overall compliance is good.
54,Outstanding performance in all aspects. Highly recommended.,Significant improvements needed in the supply chain management process.
35,Supplier failed to meet the quality standards and delivery was late.,Audit revealed several non-conformances in the quality management system.
80,The supplier delivered on time and the quality was excellent.,All processes are compliant with industry standards. No major issues found.
61,Delivery was delayed and the quality of parts was below expectations.,Minor issues were noted in the documentation process but overall compliance is good.
41,Delivery was delayed and the quality of parts was below expectations.,"Several areas of non-compliance were identified, requiring immediate action."
33,Quality of parts was satisfactory but delivery was inconsistent.,All processes are compliant with industry standards. No major issues found.
68,Delivery was delayed and the quality of parts was below expectations.,All processes are compliant with industry standards. No major issues found.
33,Supplier met all requirements but communication could be improved.,Minor issues were noted in the documentation process but overall compliance is good.
14,Outstanding performance in all aspects. Highly recommended.,All processes are compliant with industry standards. No major issues found.
21,Outstanding performance in all aspects. Highly recommended.,Minor issues were noted in the documentation process but overall compliance is good.
48,Supplier failed to meet the quality standards and delivery was late.,Audit revealed several non-conformances in the quality management system.
20,The supplier delivered on time and the quality was excellent.,Minor issues were noted in the documentation process but overall compliance is good.
8,Quality of parts was satisfactory but delivery was inconsistent.,Minor issues were noted in the documentation process but overall compliance is good.
7,The supplier delivered on time and the quality was excellent.,Significant improvements needed in the supply chain management process.
67,Delivery was delayed and the quality of parts was below expectations.,Minor issues were noted in the documentation process but overall compliance is good.
17,Supplier failed to meet the quality standards and delivery was late.,Minor issues were noted in the documentation process but overall compliance is good.
33,The supplier delivered on time and the quality was excellent.,"Several areas of non-compliance were identified, requiring immediate action."
48,Supplier met all requirements but communication could be improved.,Audit revealed several non-conformances in the quality management system.
76,Outstanding performance in all aspects. Highly recommended.,Significant improvements needed in the supply chain management process.
59,Delivery was delayed and the quality of parts was below expectations.,"Several areas of non-compliance were identified, requiring immediate action."
86,Supplier failed to meet the quality standards and delivery was late.,Supplier has a robust quality control system in place. No issues found.
22,The supplier delivered on time and the quality was excellent.,Audit revealed several non-conformances in the quality management system.
30,Quality of parts was satisfactory but delivery was inconsistent.,Audit revealed several non-conformances in the quality management system.
38,Supplier met all requirements but communication could be improved.,Supplier has a robust quality control system in place. No issues found.
51,Supplier met all requirements but communication could be improved.,Minor issues were noted in the documentation process but overall compliance is good.
54,The supplier delivered on time and the quality was excellent.,"Several areas of non-compliance were identified, requiring immediate action."
8,Outstanding performance in all aspects. Highly recommended.,All processes are compliant with industry standards. No major issues found.
27,The supplier delivered on time and the quality was excellent.,Significant improvements needed in the supply chain management process.
27,Delivery was delayed and the quality of parts was below expectations.,All processes are compliant with industry standards. No major issues found.
98,The supplier delivered on time and the quality was excellent.,Supplier has a robust quality control system in place. No issues found.
21,Supplier met all requirements but communication could be improved.,Audit revealed several non-conformances in the quality management system.
30,Supplier failed to meet the quality standards and delivery was late.,Audit revealed several non-conformances in the quality management system.
97,The supplier delivered on time and the quality was excellent.,Significant improvements needed in the supply chain management process.
28,Outstanding performance in all aspects. Highly recommended.,Audit revealed several non-conformances in the quality management system.
64,Supplier failed to meet the quality standards and delivery was late.,Audit revealed several non-conformances in the quality management system.
97,Quality of parts was satisfactory but delivery was inconsistent.,Significant improvements needed in the supply chain management process.
69,Parts were delivered ahead of schedule but some items were damaged.,"Several areas of non-compliance were identified, requiring immediate action."
61,The supplier delivered on time and the quality was excellent.,"Several areas of non-compliance were identified, requiring immediate action."
48,Outstanding performance in all aspects. Highly recommended.,Significant improvements needed in the supply chain management process.
19,Supplier failed to meet the quality standards and delivery was late.,Supplier has a robust quality control system in place. No issues found.
4,Outstanding performance in all aspects. Highly recommended.,Audit revealed several non-conformances in the quality management system.
35,Quality of parts was satisfactory but delivery was inconsistent.,Audit revealed several non-conformances in the quality management system.
64,Supplier met all requirements but communication could be improved.,Supplier has a robust quality control system in place. No issues found.
49,Outstanding performance in all aspects. Highly recommended.,"Several areas of non-compliance were identified, requiring immediate action."
17,Supplier failed to meet the quality standards and delivery was late.,Minor issues were noted in the documentation process but overall compliance is good.
44,Outstanding performance in all aspects. Highly recommended.,Minor issues were noted in the documentation process but overall compliance is good.
92,Outstanding performance in all aspects. Highly recommended.,Minor issues were noted in the documentation process but overall compliance is good.
30,Outstanding performance in all aspects. Highly recommended.,"Several areas of non-compliance were identified, requiring immediate action."
93,Delivery was delayed and the quality of parts was below expectations.,"Several areas of non-compliance were identified, requiring immediate action."
46,Delivery was delayed and the quality of parts was below expectations.,Supplier has a robust quality control system in place. No issues found.
6,Supplier met all requirements but communication could be improved.,Audit revealed several non-conformances in the quality management system.
99,The supplier delivered on time and the quality was excellent.,Supplier has a robust quality control system in place. No issues found.
37,Outstanding performance in all aspects. Highly recommended.,Supplier has a robust quality control system in place. No issues found.
24,Quality of parts was satisfactory but delivery was inconsistent.,"Several areas of non-compliance were identified, requiring immediate action."
93,The supplier delivered on time and the quality was excellent.,Minor issues were noted in the documentation process but overall compliance is good.
46,Quality of parts was satisfactory but delivery was inconsistent.,All processes are compliant with industry standards. No major issues found.
53,The supplier delivered on time and the quality was excellent.,Audit revealed several non-conformances in the quality management system.
95,Supplier met all requirements but communication could be improved.,"Several areas of non-compliance were identified, requiring immediate action."
99,Outstanding performance in all aspects. Highly recommended.,Minor issues were noted in the documentation process but overall compliance is good.
60,Outstanding performance in all aspects. Highly recommended.,All processes are compliant with industry standards. No major issues found.
97,Parts were delivered ahead of schedule but some items were damaged.,All processes are compliant with industry standards. No major issues found.
63,Quality of parts was satisfactory but delivery was inconsistent.,"Several areas of non-compliance were identified, requiring immediate action."
85,The supplier delivered on time and the quality was excellent.,Significant improvements needed in the supply chain management process.
32,The supplier delivered on time and the quality was excellent.,Audit revealed several non-conformances in the quality management system.
87,Delivery was delayed and the quality of parts was below expectations.,All processes are compliant with industry standards. No major issues found.
33,Parts were delivered ahead of schedule but some items were damaged.,"Several areas of non-compliance were identified, requiring immediate action."
67,Supplier failed to meet the quality standards and delivery was late.,"Several areas of non-compliance were identified, requiring immediate action."
18,Supplier failed to meet the quality standards and delivery was late.,Minor issues were noted in the documentation process but overall compliance is good.
25,Delivery was delayed and the quality of parts was below expectations.,Significant improvements needed in the supply chain management process.
95,Delivery was delayed and the quality of parts was below expectations.,Audit revealed several non-conformances in the quality management system.
54,Delivery was delayed and the quality of parts was below expectations.,Supplier has a robust quality control system in place. No issues found.
58,Quality of parts was satisfactory but delivery was inconsistent.,Minor issues were noted in the documentation process but overall compliance is good.
67,Quality of parts was satisfactory but delivery was inconsistent.,All processes are compliant with industry standards. No major issues found.
46,Supplier met all requirements but communication could be improved.,All processes are compliant with industry standards. No major issues found.
24,Supplier met all requirements but communication could be improved.,Minor issues were noted in the documentation process but overall compliance is good.
32,Delivery was delayed and the quality of parts was below expectations.,"Several areas of non-compliance were identified, requiring immediate action."
47,Parts were delivered ahead of schedule but some items were damaged.,All processes are compliant with industry standards. No major issues found.
86,The supplier delivered on time and the quality was excellent.,Significant improvements needed in the supply chain management process.
23,Quality of parts was satisfactory but delivery was inconsistent.,Audit revealed several non-conformances in the quality management system.
66,Parts were delivered ahead of schedule but some items were damaged.,Significant improvements needed in the supply chain management process.
27,Outstanding performance in all aspects. Highly recommended.,All processes are compliant with industry standards. No major issues found.
2,Quality of parts was satisfactory but delivery was inconsistent.,Supplier has a robust quality control system in place. No issues found.
90,Quality of parts was satisfactory but delivery was inconsistent.,Audit revealed several non-conformances in the quality management system.
17,Supplier met all requirements but communication could be improved.,Audit revealed several non-conformances in the quality management system.
33,The supplier delivered on time and the quality was excellent.,Minor issues were noted in the documentation process but overall compliance is good.
9,The supplier delivered on time and the quality was excellent.,Minor issues were noted in the documentation process but overall compliance is good.
43,Supplier failed to meet the quality standards and delivery was late.,Supplier has a robust quality control system in place. No issues found.
48,Supplier failed to meet the quality standards and delivery was late.,"Several areas of non-compliance were identified, requiring immediate action."
39,Supplier failed to meet the quality standards and delivery was late.,Audit revealed several non-conformances in the quality management system.
93,Supplier failed to meet the quality standards and delivery was late.,Supplier has a robust quality control system in place. No issues found.
42,Outstanding performance in all aspects. Highly recommended.,Minor issues were noted in the documentation process but overall compliance is good.
26,Outstanding performance in all aspects. Highly recommended.,Minor issues were noted in the documentation process but overall compliance is good.
99,Quality of parts was satisfactory but delivery was inconsistent.,Audit revealed several non-conformances in the quality management system.
50,Delivery was delayed and the quality of parts was below expectations.,Significant improvements needed in the supply chain management process.
25,Supplier met all requirements but communication could be improved.,All processes are compliant with industry standards. No major issues found.
24,Supplier met all requirements but communication could be improved.,Minor issues were noted in the documentation process but overall compliance is good.
13,Supplier failed to meet the quality standards and delivery was late.,"Several areas of non-compliance were identified, requiring immediate action."
60,Quality of parts was satisfactory but delivery was inconsistent.,"Several areas of non-compliance were identified, requiring immediate action."
7,Parts were delivered ahead of schedule but some items were damaged.,Minor issues were noted in the documentation process but overall compliance is good.
57,Delivery was delayed and the quality of parts was below expectations.,Significant improvements needed in the supply chain management process.
36,Quality of parts was satisfactory but delivery was inconsistent.,Significant improvements needed in the supply chain management process.
45,Delivery was delayed and the quality of parts was below expectations.,Supplier has a robust quality control system in place. No issues found.
20,Delivery was delayed and the quality of parts was below expectations.,"Several areas of non-compliance were identified, requiring immediate action."
65,Delivery was delayed and the quality of parts was below expectations.,Supplier has a robust quality control system in place. No issues found.
8,Quality of parts was satisfactory but delivery was inconsistent.,"Several areas of non-compliance were identified, requiring immediate action."
16,Supplier failed to meet the quality standards and delivery was late.,All processes are compliant with industry standards. No major issues found.
14,Supplier met all requirements but communication could be improved.,All processes are compliant with industry standards. No major issues found.
76,Supplier met all requirements but communication could be improved.,Audit revealed several non-conformances in the quality management system.
87,Supplier failed to meet the quality standards and delivery was late.,Supplier has a robust quality control system in place. No issues found.
15,Delivery was delayed and the quality of parts was below expectations.,Minor issues were noted in the documentation process but overall compliance is good.
92,Parts were delivered ahead of schedule but some items were damaged.,Supplier has a robust quality control system in place. No issues found.
98,The supplier delivered on time and the quality was excellent.,Minor issues were noted in the documentation process but overall compliance is good.
66,Quality of parts was satisfactory but delivery was inconsistent.,Significant improvements needed in the supply chain management process.
32,The supplier delivered on time and the quality was excellent.,Supplier has a robust quality control system in place. No issues found.
87,Supplier failed to meet the quality standards and delivery was late.,Significant improvements needed in the supply chain management process.
63,Parts were delivered ahead of schedule but some items were damaged.,All processes are compliant with industry standards. No major issues found.
86,Quality of parts was satisfactory but delivery was inconsistent.,All processes are compliant with industry standards. No major issues found.
51,Supplier failed to meet the quality standards and delivery was late.,Audit revealed several non-conformances in the quality management system.
25,Delivery was delayed and the quality of parts was below expectations.,Supplier has a robust quality control system in place. No issues found.
58,Supplier met all requirements but communication could be improved.,Significant improvements needed in the supply chain management process.
63,The supplier delivered on time and the quality was excellent.,Minor issues were noted in the documentation process but overall compliance is good.
62,Outstanding performance in all aspects. Highly recommended.,All processes are compliant with industry standards. No major issues found.
22,Outstanding performance in all aspects. Highly recommended.,All processes are compliant with industry standards. No major issues found.
58,Parts were delivered ahead of schedule but some items were damaged.,Minor issues were noted in the documentation process but overall compliance is good.
58,Delivery was delayed and the quality of parts was below expectations.,Significant improvements needed in the supply chain management process.
86,The supplier delivered on time and the quality was excellent.,Significant improvements needed in the supply chain management process.
49,Delivery was delayed and the quality of parts was below expectations.,Supplier has a robust quality control system in place. No issues found.
52,The supplier delivered on time and the quality was excellent.,Supplier has a robust quality control system in place. No issues found.
42,Parts were delivered ahead of schedule but some items were damaged.,"Several areas of non-compliance were identified, requiring immediate action."
70,Parts were delivered ahead of schedule but some items were damaged.,"Several areas of non-compliance were identified, requiring immediate action."
15,Outstanding performance in all aspects. Highly recommended.,Audit revealed several non-conformances in the quality management system.
54,Delivery was delayed and the quality of parts was below expectations.,All processes are compliant with industry standards. No major issues found.
60,Quality of parts was satisfactory but delivery was inconsistent.,Supplier has a robust quality control system in place. No issues found.
97,Outstanding performance in all aspects. Highly recommended.,Significant improvements needed in the supply chain management process.
8,Delivery was delayed and the quality of parts was below expectations.,Minor issues were noted in the documentation process but overall compliance is good.
53,Outstanding performance in all aspects. Highly recommended.,Significant improvements needed in the supply chain management process.
60,Quality of parts was satisfactory but delivery was inconsistent.,All processes are compliant with industry standards. No major issues found.
5,Supplier met all requirements but communication could be improved.,"Several areas of non-compliance were identified, requiring immediate action."
68,Supplier met all requirements but communication could be improved.,Significant improvements needed in the supply chain management process.
6,Supplier met all requirements but communication could be improved.,Audit revealed several non-conformances in the quality management system.
96,Supplier met all requirements but communication could be improved.,All processes are compliant with industry standards. No major issues found.
94,Supplier failed to meet the quality standards and delivery was late.,"Several areas of non-compliance were identified, requiring immediate action."
47,The supplier delivered on time and the quality was excellent.,Minor issues were noted in the documentation process but overall compliance is good.
99,Supplier failed to meet the quality standards and delivery was late.,"Several areas of non-compliance were identified, requiring immediate action."
55,Supplier failed to meet the quality standards and delivery was late.,Audit revealed several non-conformances in the quality management system.
40,Supplier failed to meet the quality standards and delivery was late.,All processes are compliant with industry standards. No major issues found.
52,Supplier met all requirements but communication could be improved.,Minor issues were noted in the documentation process but overall compliance is good.
16,Quality of parts was satisfactory but delivery was inconsistent.,Audit revealed several non-conformances in the quality management system.
13,Parts were delivered ahead of schedule but some items were damaged.,"Several areas of non-compliance were identified, requiring immediate action."
30,Parts were delivered ahead of schedule but some items were damaged.,Audit revealed several non-conformances in the quality management system.
19,The supplier delivered on time and the quality was excellent.,All processes are compliant with industry standards. No major issues found.
17,Supplier met all requirements but communication could be improved.,Supplier has a robust quality control system in place. No issues found.
63,Supplier met all requirements but communication could be improved.,Audit revealed several non-conformances in the quality management system.
19,Supplier met all requirements but communication could be improved.,Audit revealed several non-conformances in the quality management system.
92,Outstanding performance in all aspects. Highly recommended.,"Several areas of non-compliance were identified, requiring immediate action."
58,Delivery was delayed and the quality of parts was below expectations.,"Several areas of non-compliance were identified, requiring immediate action."
55,Outstanding performance in all aspects. Highly recommended.,Minor issues were noted in the documentation process but overall compliance is good.
90,Delivery was delayed and the quality of parts was below expectations.,"Several areas of non-compliance were identified, requiring immediate action."
90,Supplier met all requirements but communication could be improved.,Significant improvements needed in the supply chain management process.
62,Supplier met all requirements but communication could be improved.,All processes are compliant with industry standards. No major issues found.
23,Outstanding performance in all aspects. Highly recommended.,All processes are compliant with industry standards. No major issues found.
9,Outstanding performance in all aspects. Highly recommended.,Supplier has a robust quality control system in place. No issues found.
12,Delivery was delayed and the quality of parts was below expectations.,Supplier has a robust quality control system in place. No issues found.
1,Parts were delivered ahead of schedule but some items were damaged.,All processes are compliant with industry standards. No major issues found.
58,Delivery was delayed and the quality of parts was below expectations.,Supplier has a robust quality control system in place. No issues found.
1,Outstanding performance in all aspects. Highly recommended.,Minor issues were noted in the documentation process but overall compliance is good.
34,Quality of parts was satisfactory but delivery was inconsistent.,"Several areas of non-compliance were identified, requiring immediate action."
96,Outstanding performance in all aspects. Highly recommended.,All processes are compliant with industry standards. No major issues found.
48,Quality of parts was satisfactory but delivery was inconsistent.,Supplier has a robust quality control system in place. No issues found.
89,The supplier delivered on time and the quality was excellent.,All processes are compliant with industry standards. No major issues found.
1,Outstanding performance in all aspects. Highly recommended.,Significant improvements needed in the supply chain management process.
16,The supplier delivered on time and the quality was excellent.,Audit revealed several non-conformances in the quality management system.
61,Parts were delivered ahead of schedule but some items were damaged.,"Several areas of non-compliance were identified, requiring immediate action."
64,Delivery was delayed and the quality of parts was below expectations.,All processes are compliant with industry standards. No major issues found.
63,Quality of parts was satisfactory but delivery was inconsistent.,Audit revealed several non-conformances in the quality management system.
69,Delivery was delayed and the quality of parts was below expectations.,Supplier has a robust quality control system in place. No issues found.
22,The supplier delivered on time and the quality was excellent.,Audit revealed several non-conformances in the quality management system.
93,Quality of parts was satisfactory but delivery was inconsistent.,"Several areas of non-compliance were identified, requiring immediate action."
67,Delivery was delayed and the quality of parts was below expectations.,All processes are compliant with industry standards. No major issues found.
76,Outstanding performance in all aspects. Highly recommended.,Significant improvements needed in the supply chain management process.
26,Supplier met all requirements but communication could be improved.,Supplier has a robust quality control system in place. No issues found.
16,The supplier delivered on time and the quality was excellent.,All processes are compliant with industry standards. No major issues found.
